image,label
000000.jpg,0
000001.jpg,0
000002.jpg,0
000003.jpg,0
000004.jpg,0
000005.jpg,0
000006.jpg,0
000007.jpg,0
000008.jpg,0
000009.jpg,0
000010.jpg,0
000011.jpg,0
000012.jpg,0
000013.jpg,0
000014.jpg,0
000015.jpg,0
000016.jpg,0
000017.jpg,0
000018.jpg,0
000019.jpg,0
000020.jpg,0
000021.jpg,0
000022.jpg,0
000023.jpg,0
000024.jpg,0
000025.jpg,0
000026.jpg,0
000027.jpg,0
000028.jpg,0
000029.jpg,0
000030.jpg,0
000031.jpg,0
000032.jpg,0
000033.jpg,0
000034.jpg,0
000035.jpg,0
000036.jpg,0
000037.jpg,0
000038.jpg,0
000039.jpg,0
000040.jpg,0
000041.jpg,0
000042.jpg,0
000043.jpg,0
000044.jpg,0
000045.jpg,0
000046.jpg,0
000047.jpg,0
000048.jpg,0
000049.jpg,0
000050.jpg,0
000051.jpg,0
000052.jpg,0
000053.jpg,0
000054.jpg,0
000055.jpg,0
000056.jpg,0
000057.jpg,0
000058.jpg,0
000059.jpg,0
000060.jpg,0
000061.jpg,0
000062.jpg,0
000063.jpg,0
000064.jpg,0
000065.jpg,0
000066.jpg,0
000067.jpg,0
000068.jpg,0
000069.jpg,0
000070.jpg,0
000071.jpg,0
000072.jpg,0
000073.jpg,0
000074.jpg,0
000075.jpg,0
000076.jpg,0
000077.jpg,0
000078.jpg,0
000079.jpg,0
000080.jpg,0
000081.jpg,0
000082.jpg,0
000083.jpg,0
000084.jpg,0
000085.jpg,0
000086.jpg,0
000087.jpg,0
000088.jpg,0
000089.jpg,0
000090.jpg,0
000091.jpg,0
000092.jpg,0
000093.jpg,0
000094.jpg,0
000095.jpg,0
000096.jpg,0
000097.jpg,0
000098.jpg,0
000099.jpg,0
000100.jpg,0
000101.jpg,0
000102.jpg,0
000103.jpg,0
000104.jpg,0
000105.jpg,0
000106.jpg,0
000107.jpg,0
000108.jpg,0
000109.jpg,0
000110.jpg,0
000111.jpg,0
000112.jpg,0
000113.jpg,0
000114.jpg,0
000115.jpg,0
000116.jpg,0
000117.jpg,0
000118.jpg,0
000119.jpg,0
000120.jpg,0
000121.jpg,0
000122.jpg,0
000123.jpg,0
000124.jpg,0
000125.jpg,0
000126.jpg,0
000127.jpg,0
000128.jpg,0
000129.jpg,0
000130.jpg,0
000131.jpg,0
000132.jpg,0
000133.jpg,0
000134.jpg,0
000135.jpg,0
000136.jpg,0
000137.jpg,0
000138.jpg,0
000139.jpg,0
000140.jpg,0
000141.jpg,0
000142.jpg,0
000143.jpg,0
000144.jpg,0
000145.jpg,0
000146.jpg,0
000147.jpg,0
000148.jpg,0
000149.jpg,0
000150.jpg,0
000151.jpg,0
000152.jpg,0
000153.jpg,0
000154.jpg,0
000155.jpg,0
000156.jpg,0
000157.jpg,0
000158.jpg,0
000159.jpg,0
000160.jpg,0
000161.jpg,0
000162.jpg,0
000163.jpg,0
000164.jpg,0
000165.jpg,0
000166.jpg,0
000167.jpg,0
000168.jpg,0
000169.jpg,0
000170.jpg,0
000171.jpg,0
000172.jpg,0
000173.jpg,0
000174.jpg,0
000175.jpg,0
000176.jpg,0
000177.jpg,0
000178.jpg,0
000179.jpg,0
000180.jpg,0
000181.jpg,0
000182.jpg,0
000183.jpg,0
000184.jpg,0
000185.jpg,0
000186.jpg,0
000187.jpg,0
000188.jpg,0
000189.jpg,0
000190.jpg,0
000191.jpg,0
000192.jpg,0
000193.jpg,0
000194.jpg,0
000195.jpg,0
000196.jpg,0
000197.jpg,0
000198.jpg,0
000199.jpg,0
000200.jpg,0
000201.jpg,0
000202.jpg,0
000203.jpg,0
000204.jpg,0
000205.jpg,0
000206.jpg,0
000207.jpg,0
000208.jpg,0
000209.jpg,0
000210.jpg,0
000211.jpg,0
000212.jpg,0
000213.jpg,0
000214.jpg,0
000215.jpg,0
000216.jpg,0
000217.jpg,0
000218.jpg,0
000219.jpg,0
000220.jpg,0
000221.jpg,0
000222.jpg,0
000223.jpg,0
000224.jpg,0
000225.jpg,0
000226.jpg,0
000227.jpg,0
000228.jpg,0
000229.jpg,0
000230.jpg,0
000231.jpg,0
000232.jpg,0
000233.jpg,0
000234.jpg,0
000235.jpg,0
000236.jpg,0
000237.jpg,0
000238.jpg,0
000239.jpg,0
000240.jpg,0
000241.jpg,0
000242.jpg,0
000243.jpg,0
000244.jpg,0
000245.jpg,0
000246.jpg,0
000247.jpg,0
000248.jpg,0
000249.jpg,0
000250.jpg,0
000251.jpg,0
000252.jpg,0
000253.jpg,0
000254.jpg,0
000255.jpg,0
000256.jpg,0
000257.jpg,0
000258.jpg,0
000259.jpg,0
000260.jpg,0
000261.jpg,0
000262.jpg,0
000263.jpg,0
000264.jpg,0
000265.jpg,0
000266.jpg,0
000267.jpg,0
000268.jpg,0
000269.jpg,0
000270.jpg,0
000271.jpg,0
000272.jpg,0
000273.jpg,0
000274.jpg,0
000275.jpg,0
000276.jpg,0
000277.jpg,0
000278.jpg,0
000279.jpg,0
000280.jpg,0
000281.jpg,0
000282.jpg,0
000283.jpg,0
000284.jpg,0
000285.jpg,0
000286.jpg,0
000287.jpg,0
000288.jpg,0
000289.jpg,0
000290.jpg,0
000291.jpg,0
000292.jpg,0
000293.jpg,0
000294.jpg,0
000295.jpg,0
000296.jpg,0
000297.jpg,0
000298.jpg,0
000299.jpg,0
000300.jpg,0
000301.jpg,0
000302.jpg,0
000303.jpg,0
000304.jpg,0
000305.jpg,0
000306.jpg,0
000307.jpg,0
000308.jpg,0
000309.jpg,0
000310.jpg,0
000311.jpg,0
000312.jpg,0
000313.jpg,0
000314.jpg,0
000315.jpg,0
000316.jpg,0
000317.jpg,0
000318.jpg,0
000319.jpg,0
000320.jpg,0
000321.jpg,0
000322.jpg,0
000323.jpg,0
000324.jpg,0
000325.jpg,0
000326.jpg,0
000327.jpg,0
000328.jpg,0
000329.jpg,0
000330.jpg,0
000331.jpg,0
000332.jpg,0
000333.jpg,0
000334.jpg,0
000335.jpg,0
000336.jpg,0
000337.jpg,0
000338.jpg,0
000339.jpg,0
000340.jpg,0
000341.jpg,0
000342.jpg,0
000343.jpg,0
000344.jpg,0
000345.jpg,0
000346.jpg,0
000347.jpg,0
000348.jpg,0
000349.jpg,0
000350.jpg,0
000351.jpg,0
000352.jpg,0
000353.jpg,0
000354.jpg,0
000355.jpg,0
000356.jpg,0
000357.jpg,0
000358.jpg,0
000359.jpg,0
000360.jpg,0
000361.jpg,0
000362.jpg,0
000363.jpg,0
000364.jpg,0
000365.jpg,0
000366.jpg,0
000367.jpg,0
000368.jpg,0
000369.jpg,0
000370.jpg,0
000371.jpg,0
000372.jpg,0
000373.jpg,0
000374.jpg,0
000375.jpg,0
000376.jpg,0
000377.jpg,0
000378.jpg,0
000379.jpg,0
000380.jpg,0
000381.jpg,0
000382.jpg,0
000383.jpg,0
000384.jpg,0
000385.jpg,0
000386.jpg,0
000387.jpg,0
000388.jpg,0
000389.jpg,0
000390.jpg,0
000391.jpg,0
000392.jpg,0
000393.jpg,0
000394.jpg,0
000395.jpg,0
000396.jpg,0
000397.jpg,0
000398.jpg,0
000399.jpg,0
000400.jpg,0
000401.jpg,0
000402.jpg,0
000403.jpg,0
000404.jpg,0
000405.jpg,0
000406.jpg,0
000407.jpg,0
000408.jpg,0
000409.jpg,0
000410.jpg,0
000411.jpg,0
000412.jpg,0
000413.jpg,0
000414.jpg,0
000415.jpg,0
000416.jpg,0
000417.jpg,0
000418.jpg,0
000419.jpg,0
000420.jpg,0
000421.jpg,0
000422.jpg,0
000423.jpg,0
000424.jpg,0
000425.jpg,0
000426.jpg,0
000427.jpg,0
000428.jpg,0
000429.jpg,0
000430.jpg,0
000431.jpg,0
000432.jpg,0
000433.jpg,0
000434.jpg,0
000435.jpg,0
000436.jpg,0
000437.jpg,0
000438.jpg,0
000439.jpg,0
000440.jpg,0
000441.jpg,0
000442.jpg,0
000443.jpg,0
000444.jpg,0
000445.jpg,0
000446.jpg,0
000447.jpg,0
000448.jpg,0
000449.jpg,0
000450.jpg,0
000451.jpg,0
000452.jpg,0
000453.jpg,0
000454.jpg,0
000455.jpg,0
000456.jpg,0
000457.jpg,0
000458.jpg,0
000459.jpg,0
000460.jpg,0
000461.jpg,0
000462.jpg,0
000463.jpg,0
000464.jpg,0
000465.jpg,0
000466.jpg,0
000467.jpg,0
000468.jpg,0
000469.jpg,0
000470.jpg,0
000471.jpg,0
000472.jpg,0
000473.jpg,0
000474.jpg,0
000475.jpg,0
000476.jpg,0
000477.jpg,0
000478.jpg,0
000479.jpg,0
000480.jpg,0
000481.jpg,0
000482.jpg,0
000483.jpg,0
000484.jpg,0
000485.jpg,0
000486.jpg,0
000487.jpg,0
000488.jpg,0
000489.jpg,0
000490.jpg,0
000491.jpg,0
000492.jpg,0
000493.jpg,0
000494.jpg,0
000495.jpg,0
000496.jpg,0
000497.jpg,0
000498.jpg,0
000499.jpg,0
000500.jpg,0
000501.jpg,0
000502.jpg,0
000503.jpg,0
000504.jpg,0
000505.jpg,0
000506.jpg,0
000507.jpg,0
000508.jpg,0
000509.jpg,0
000510.jpg,0
000511.jpg,0
000512.jpg,0
000513.jpg,0
000514.jpg,0
000515.jpg,0
000516.jpg,0
000517.jpg,0
000518.jpg,0
000519.jpg,0
000520.jpg,0
000521.jpg,0
000522.jpg,0
000523.jpg,0
000524.jpg,0
000525.jpg,0
000526.jpg,0
000527.jpg,0
000528.jpg,0
000529.jpg,0
000530.jpg,0
000531.jpg,0
000532.jpg,0
000533.jpg,0
000534.jpg,0
000535.jpg,0
000536.jpg,0
000537.jpg,0
000538.jpg,0
000539.jpg,0
000540.jpg,0
000541.jpg,0
000542.jpg,0
000543.jpg,0
000544.jpg,0
000545.jpg,0
000546.jpg,0
000547.jpg,0
000548.jpg,0
000549.jpg,0
000550.jpg,0
000551.jpg,0
000552.jpg,0
000553.jpg,0
000554.jpg,0
000555.jpg,0
000556.jpg,0
000557.jpg,0
000558.jpg,0
000559.jpg,0
000560.jpg,0
000561.jpg,0
000562.jpg,0
000563.jpg,0
000564.jpg,0
000565.jpg,0
000566.jpg,0
000567.jpg,0
000568.jpg,0
000569.jpg,0
000570.jpg,0
000571.jpg,0
000572.jpg,0
000573.jpg,0
000574.jpg,0
000575.jpg,0
000576.jpg,0
000577.jpg,0
000578.jpg,0
000579.jpg,0
000580.jpg,0
000581.jpg,0
000582.jpg,0
000583.jpg,0
000584.jpg,0
000585.jpg,0
000586.jpg,0
000587.jpg,0
000588.jpg,0
000589.jpg,0
000590.jpg,0
000591.jpg,0
000592.jpg,0
000593.jpg,0
000594.jpg,0
000595.jpg,0
000596.jpg,0
000597.jpg,0
000598.jpg,0
000599.jpg,0
000600.jpg,0
000601.jpg,0
000602.jpg,0
000603.jpg,0
000604.jpg,0
000605.jpg,0
000606.jpg,0
000607.jpg,0
000608.jpg,0
000609.jpg,0
000610.jpg,0
000611.jpg,0
000612.jpg,0
000613.jpg,0
000614.jpg,0
000615.jpg,0
000616.jpg,0
000617.jpg,0
000618.jpg,0
000619.jpg,0
000620.jpg,0
000621.jpg,0
000622.jpg,0
000623.jpg,0
000624.jpg,0
000625.jpg,0
000626.jpg,0
000627.jpg,0
000628.jpg,0
000629.jpg,0
000630.jpg,0
000631.jpg,0
000632.jpg,0
000633.jpg,0
000634.jpg,0
000635.jpg,0
000636.jpg,0
000637.jpg,0
000638.jpg,0
000639.jpg,0
000640.jpg,0
000641.jpg,0
000642.jpg,0
000643.jpg,0
000644.jpg,0
000645.jpg,0
000646.jpg,0
000647.jpg,0
000648.jpg,0
000649.jpg,0
000650.jpg,0
000651.jpg,0
000652.jpg,0
000653.jpg,0
000654.jpg,0
000655.jpg,0
000656.jpg,0
000657.jpg,0
000658.jpg,0
000659.jpg,0
000660.jpg,0
000661.jpg,0
000662.jpg,0
000663.jpg,0
000664.jpg,0
000665.jpg,0
000666.jpg,0
000667.jpg,0
000668.jpg,0
000669.jpg,0
000670.jpg,0
000671.jpg,0
000672.jpg,0
000673.jpg,0
000674.jpg,0
000675.jpg,0
000676.jpg,0
000677.jpg,0
000678.jpg,0
000679.jpg,0
000680.jpg,0
000681.jpg,0
000682.jpg,0
000683.jpg,0
000684.jpg,0
000685.jpg,0
000686.jpg,0
000687.jpg,0
000688.jpg,0
000689.jpg,0
000690.jpg,0
000691.jpg,0
000692.jpg,0
000693.jpg,0
000694.jpg,0
000695.jpg,0
000696.jpg,0
000697.jpg,0
000698.jpg,0
000699.jpg,0
000700.jpg,0
000701.jpg,0
000702.jpg,0
000703.jpg,0
000704.jpg,0
000705.jpg,0
000706.jpg,0
000707.jpg,0
000708.jpg,0
000709.jpg,0
000710.jpg,0
000711.jpg,0
000712.jpg,0
000713.jpg,0
000714.jpg,0
000715.jpg,0
000716.jpg,0
000717.jpg,0
000718.jpg,0
000719.jpg,0
000720.jpg,0
000721.jpg,0
000722.jpg,0
000723.jpg,0
000724.jpg,0
000725.jpg,0
000726.jpg,0
000727.jpg,0
000728.jpg,0
000729.jpg,0
000730.jpg,0
000731.jpg,0
000732.jpg,0
000733.jpg,0
000734.jpg,0
000735.jpg,0
000736.jpg,0
000737.jpg,0
000738.jpg,0
000739.jpg,0
000740.jpg,0
000741.jpg,0
000742.jpg,0
000743.jpg,0
000744.jpg,0
000745.jpg,0
000746.jpg,0
000747.jpg,0
000748.jpg,0
000749.jpg,0
000750.jpg,0
000751.jpg,0
000752.jpg,0
000753.jpg,0
000754.jpg,0
000755.jpg,0
000756.jpg,0
000757.jpg,0
000758.jpg,0
000759.jpg,0
000760.jpg,0
000761.jpg,0
000762.jpg,0
000763.jpg,0
000764.jpg,0
000765.jpg,0
000766.jpg,0
000767.jpg,0
000768.jpg,0
000769.jpg,0
000770.jpg,0
000771.jpg,0
000772.jpg,0
000773.jpg,0
000774.jpg,0
000775.jpg,0
000776.jpg,0
000777.jpg,0
000778.jpg,0
000779.jpg,0
000780.jpg,0
000781.jpg,0
000782.jpg,0
000783.jpg,0
000784.jpg,0
000785.jpg,0
000786.jpg,0
000787.jpg,0
000788.jpg,0
000789.jpg,0
000790.jpg,0
000791.jpg,0
000792.jpg,0
000793.jpg,0
000794.jpg,0
000795.jpg,0
000796.jpg,0
000797.jpg,0
000798.jpg,0
000799.jpg,0
000800.jpg,0
000801.jpg,0
000802.jpg,0
000803.jpg,0
000804.jpg,0
000805.jpg,0
000806.jpg,0
000807.jpg,0
000808.jpg,0
000809.jpg,0
000810.jpg,0
000811.jpg,0
000812.jpg,0
000813.jpg,0
000814.jpg,0
000815.jpg,0
000816.jpg,0
000817.jpg,0
000818.jpg,0
000819.jpg,0
000820.jpg,0
000821.jpg,0
000822.jpg,0
000823.jpg,0
000824.jpg,0
000825.jpg,0
000826.jpg,0
000827.jpg,0
000828.jpg,0
000829.jpg,0
000830.jpg,0
000831.jpg,0
000832.jpg,0
000833.jpg,0
000834.jpg,0
000835.jpg,0
000836.jpg,0
000837.jpg,0
000838.jpg,0
000839.jpg,0
000840.jpg,0
000841.jpg,0
000842.jpg,0
000843.jpg,0
000844.jpg,0
000845.jpg,0
000846.jpg,0
000847.jpg,0
000848.jpg,0
000849.jpg,0
000850.jpg,0
000851.jpg,0
000852.jpg,0
000853.jpg,0
000854.jpg,0
000855.jpg,0
000856.jpg,0
000857.jpg,0
000858.jpg,0
000859.jpg,0
000860.jpg,0
000861.jpg,0
000862.jpg,0
000863.jpg,0
000864.jpg,0
000865.jpg,0
000866.jpg,0
000867.jpg,0
000868.jpg,0
000869.jpg,0
000870.jpg,0
000871.jpg,0
000872.jpg,0
000873.jpg,0
000874.jpg,0
000875.jpg,0
000876.jpg,0
000877.jpg,0
000878.jpg,0
000879.jpg,0
000880.jpg,0
000881.jpg,0
000882.jpg,0
000883.jpg,0
000884.jpg,0
000885.jpg,0
000886.jpg,0
000887.jpg,0
000888.jpg,0
000889.jpg,0
000890.jpg,0
000891.jpg,0
000892.jpg,0
000893.jpg,0
000894.jpg,0
000895.jpg,0
000896.jpg,0
000897.jpg,0
000898.jpg,0
000899.jpg,0
000900.jpg,0
000901.jpg,0
000902.jpg,0
000903.jpg,0
000904.jpg,0
000905.jpg,0
000906.jpg,0
000907.jpg,0
000908.jpg,0
000909.jpg,0
000910.jpg,0
000911.jpg,0
000912.jpg,0
000913.jpg,0
000914.jpg,0
000915.jpg,0
000916.jpg,0
000917.jpg,0
000918.jpg,0
000919.jpg,0
000920.jpg,0
000921.jpg,0
000922.jpg,0
000923.jpg,0
000924.jpg,0
000925.jpg,0
000926.jpg,0
000927.jpg,0
000928.jpg,0
000929.jpg,0
000930.jpg,0
000931.jpg,0
000932.jpg,0
000933.jpg,0
000934.jpg,0
000935.jpg,0
000936.jpg,0
000937.jpg,0
000938.jpg,0
000939.jpg,0
000940.jpg,0
000941.jpg,0
000942.jpg,0
000943.jpg,0
000944.jpg,0
000945.jpg,0
000946.jpg,0
000947.jpg,0
000948.jpg,0
000949.jpg,0
000950.jpg,0
000951.jpg,0
000952.jpg,0
000953.jpg,0
000954.jpg,0
000955.jpg,0
000956.jpg,0
000957.jpg,0
000958.jpg,0
000959.jpg,0
000960.jpg,0
000961.jpg,0
000962.jpg,0
000963.jpg,0
000964.jpg,0
000965.jpg,0
000966.jpg,0
000967.jpg,0
000968.jpg,0
000969.jpg,0
000970.jpg,0
000971.jpg,0
000972.jpg,0
000973.jpg,0
000974.jpg,0
000975.jpg,0
000976.jpg,0
000977.jpg,0
000978.jpg,0
000979.jpg,0
000980.jpg,0
000981.jpg,0
000982.jpg,0
000983.jpg,0
000984.jpg,0
000985.jpg,0
000986.jpg,0
000987.jpg,0
000988.jpg,0
000989.jpg,0
000990.jpg,0
000991.jpg,0
000992.jpg,0
000993.jpg,0
000994.jpg,0
000995.jpg,0
000996.jpg,0
000997.jpg,0
000998.jpg,0
000999.jpg,0
001000.jpg,0
001001.jpg,0
001002.jpg,0
001003.jpg,0
001004.jpg,0
001005.jpg,0
001006.jpg,0
001007.jpg,0
001008.jpg,0
001009.jpg,0
001010.jpg,0
001011.jpg,0
001012.jpg,0
001013.jpg,0
001014.jpg,0
001015.jpg,0
001016.jpg,0
001017.jpg,0
001018.jpg,0
001019.jpg,0
001020.jpg,0
001021.jpg,0
001022.jpg,0
001023.jpg,0
001024.jpg,0
001025.jpg,0
001026.jpg,0
001027.jpg,0
001028.jpg,0
001029.jpg,0
001030.jpg,0
001031.jpg,0
001032.jpg,0
001033.jpg,0
001034.jpg,0
001035.jpg,0
001036.jpg,0
001037.jpg,0
001038.jpg,0
001039.jpg,0
001040.jpg,0
001041.jpg,0
001042.jpg,0
001043.jpg,0
001044.jpg,0
001045.jpg,0
001046.jpg,0
001047.jpg,0
001048.jpg,0
001049.jpg,0
001050.jpg,0
001051.jpg,0
001052.jpg,0
001053.jpg,0
001054.jpg,0
001055.jpg,0
001056.jpg,0
001057.jpg,0
001058.jpg,0
001059.jpg,0
001060.jpg,0
001061.jpg,0
001062.jpg,0
001063.jpg,0
001064.jpg,0
001065.jpg,0
001066.jpg,0
001067.jpg,0
001068.jpg,0
001069.jpg,0
001070.jpg,0
001071.jpg,0
001072.jpg,0
001073.jpg,0
001074.jpg,0
001075.jpg,0
001076.jpg,0
001077.jpg,0
001078.jpg,0
001079.jpg,0
001080.jpg,0
001081.jpg,0
001082.jpg,0
001083.jpg,0
001084.jpg,0
001085.jpg,0
001086.jpg,0
001087.jpg,0
001088.jpg,0
001089.jpg,0
001090.jpg,0
001091.jpg,0
001092.jpg,0
001093.jpg,0
001094.jpg,0
001095.jpg,0
001096.jpg,0
001097.jpg,0
001098.jpg,0
001099.jpg,0
001100.jpg,0
001101.jpg,0
001102.jpg,0
001103.jpg,0
001104.jpg,0
001105.jpg,0
001106.jpg,0
001107.jpg,0
001108.jpg,0
001109.jpg,0
001110.jpg,0
001111.jpg,0
001112.jpg,0
001113.jpg,0
001114.jpg,0
001115.jpg,0
001116.jpg,0
001117.jpg,0
001118.jpg,0
001119.jpg,0
001120.jpg,0
001121.jpg,0
001122.jpg,0
001123.jpg,0
001124.jpg,0
001125.jpg,0
001126.jpg,0
001127.jpg,0
001128.jpg,0
001129.jpg,0
001130.jpg,0
001131.jpg,0
001132.jpg,0
001133.jpg,0
001134.jpg,0
001135.jpg,0
001136.jpg,0
001137.jpg,0
001138.jpg,0
001139.jpg,0
001140.jpg,0
001141.jpg,0
001142.jpg,0
001143.jpg,0
001144.jpg,0
001145.jpg,0
001146.jpg,0
001147.jpg,0
001148.jpg,0
001149.jpg,0
001150.jpg,0
001151.jpg,0
001152.jpg,0
001153.jpg,0
001154.jpg,0
001155.jpg,0
001156.jpg,0
001157.jpg,0
001158.jpg,0
001159.jpg,0
001160.jpg,0
001161.jpg,0
001162.jpg,0
001163.jpg,0
001164.jpg,0
001165.jpg,0
001166.jpg,0
001167.jpg,0
001168.jpg,0
001169.jpg,0
001170.jpg,0
001171.jpg,0
001172.jpg,0
001173.jpg,0
001174.jpg,0
001175.jpg,0
001176.jpg,0
001177.jpg,0
001178.jpg,0
001179.jpg,0
001180.jpg,0
001181.jpg,0
001182.jpg,0
001183.jpg,0
001184.jpg,0
001185.jpg,0
001186.jpg,0
001187.jpg,0
001188.jpg,0
001189.jpg,0
001190.jpg,0
001191.jpg,0
001192.jpg,0
001193.jpg,0
001194.jpg,0
001195.jpg,0
001196.jpg,0
001197.jpg,0
001198.jpg,0
001199.jpg,0
001200.jpg,0
001201.jpg,0
001202.jpg,0
001203.jpg,0
001204.jpg,0
001205.jpg,0
001206.jpg,0
001207.jpg,0
001208.jpg,0
001209.jpg,0
001210.jpg,0
001211.jpg,0
001212.jpg,0
001213.jpg,0
001214.jpg,0
001215.jpg,0
001216.jpg,0
001217.jpg,0
001218.jpg,0
001219.jpg,0
001220.jpg,0
001221.jpg,0
001222.jpg,0
001223.jpg,0
001224.jpg,0
001225.jpg,0
001226.jpg,0
001227.jpg,0
001228.jpg,0
001229.jpg,0
001230.jpg,0
001231.jpg,0
001232.jpg,0
001233.jpg,0
001234.jpg,0
001235.jpg,0
001236.jpg,0
001237.jpg,0
001238.jpg,0
001239.jpg,0
001240.jpg,0
001241.jpg,0
001242.jpg,0
001243.jpg,0
001244.jpg,0
001245.jpg,0
001246.jpg,0
001247.jpg,0
001248.jpg,0
001249.jpg,0
001250.jpg,0
001251.jpg,0
001252.jpg,0
001253.jpg,0
001254.jpg,0
001255.jpg,0
001256.jpg,0
001257.jpg,0
001258.jpg,0
001259.jpg,0
001260.jpg,0
001261.jpg,0
001262.jpg,0
001263.jpg,0
001264.jpg,0
001265.jpg,0
001266.jpg,0
001267.jpg,0
001268.jpg,0
001269.jpg,0
001270.jpg,0
001271.jpg,0
001272.jpg,0
001273.jpg,0
001274.jpg,0
001275.jpg,0
001276.jpg,0
001277.jpg,0
001278.jpg,0
001279.jpg,0
001280.jpg,0
001281.jpg,0
001282.jpg,0
001283.jpg,0
001284.jpg,0
001285.jpg,0
001286.jpg,0
001287.jpg,0
001288.jpg,0
001289.jpg,0
001290.jpg,0
001291.jpg,0
001292.jpg,0
001293.jpg,0
001294.jpg,0
001295.jpg,0
001296.jpg,0
001297.jpg,0
001298.jpg,0
001299.jpg,0
001300.jpg,0
001301.jpg,0
001302.jpg,0
001303.jpg,0
001304.jpg,0
001305.jpg,0
001306.jpg,0
001307.jpg,0
001308.jpg,0
001309.jpg,0
001310.jpg,0
001311.jpg,0
001312.jpg,0
001313.jpg,0
001314.jpg,0
001315.jpg,0
001316.jpg,0
001317.jpg,0
001318.jpg,0
001319.jpg,0
001320.jpg,0
001321.jpg,0
001322.jpg,0
001323.jpg,0
001324.jpg,0
001325.jpg,0
001326.jpg,0
001327.jpg,0
001328.jpg,0
001329.jpg,0
001330.jpg,0
001331.jpg,0
001332.jpg,0
001333.jpg,0
001334.jpg,0
001335.jpg,0
001336.jpg,0
001337.jpg,0
001338.jpg,0
001339.jpg,0
001340.jpg,0
001341.jpg,0
001342.jpg,0
001343.jpg,0
001344.jpg,0
001345.jpg,0
001346.jpg,0
001347.jpg,0
001348.jpg,0
001349.jpg,0
001350.jpg,0
001351.jpg,0
001352.jpg,0
001353.jpg,0
001354.jpg,0
001355.jpg,0
001356.jpg,0
001357.jpg,0
001358.jpg,0
001359.jpg,0
001360.jpg,0
001361.jpg,0
001362.jpg,0
001363.jpg,0
001364.jpg,0
001365.jpg,0
001366.jpg,0
001367.jpg,0
001368.jpg,0
001369.jpg,0
001370.jpg,0
001371.jpg,0
001372.jpg,0
001373.jpg,0
001374.jpg,0
001375.jpg,0
001376.jpg,0
001377.jpg,0
001378.jpg,0
001379.jpg,0
001380.jpg,0
001381.jpg,0
001382.jpg,0
001383.jpg,0
001384.jpg,0
001385.jpg,0
001386.jpg,0
001387.jpg,0
001388.jpg,0
001389.jpg,0
001390.jpg,0
001391.jpg,0
001392.jpg,0
001393.jpg,0
001394.jpg,0
001395.jpg,0
001396.jpg,0
001397.jpg,0
001398.jpg,0
001399.jpg,0
001400.jpg,0
001401.jpg,0
001402.jpg,0
001403.jpg,0
001404.jpg,0
001405.jpg,0
001406.jpg,0
001407.jpg,0
001408.jpg,0
001409.jpg,0
001410.jpg,0
001411.jpg,0
001412.jpg,0
001413.jpg,0
001414.jpg,0
001415.jpg,0
001416.jpg,0
001417.jpg,0
001418.jpg,0
001419.jpg,0
001420.jpg,0
001421.jpg,0
001422.jpg,0
001423.jpg,0
001424.jpg,0
001425.jpg,0
001426.jpg,0
001427.jpg,0
001428.jpg,0
001429.jpg,0
001430.jpg,0
001431.jpg,0
001432.jpg,0
001433.jpg,0
001434.jpg,0
001435.jpg,0
001436.jpg,0
001437.jpg,0
001438.jpg,0
001439.jpg,0
001440.jpg,0
001441.jpg,0
001442.jpg,0
001443.jpg,0
001444.jpg,0
001445.jpg,0
001446.jpg,0
001447.jpg,0
001448.jpg,0
001449.jpg,0
001450.jpg,0
001451.jpg,0
001452.jpg,0
001453.jpg,0
001454.jpg,0
001455.jpg,0
001456.jpg,0
001457.jpg,0
001458.jpg,0
001459.jpg,0
001460.jpg,0
001461.jpg,0
001462.jpg,0
001463.jpg,0
001464.jpg,0
001465.jpg,0
001466.jpg,0
001467.jpg,0
001468.jpg,0
001469.jpg,0
001470.jpg,0
001471.jpg,0
001472.jpg,0
001473.jpg,0
001474.jpg,0
001475.jpg,0
001476.jpg,0
001477.jpg,0
001478.jpg,0
001479.jpg,0
001480.jpg,0
001481.jpg,0
001482.jpg,0
001483.jpg,0
001484.jpg,0
001485.jpg,0
001486.jpg,0
001487.jpg,0
001488.jpg,0
001489.jpg,0
001490.jpg,0
001491.jpg,0
001492.jpg,0
001493.jpg,0
001494.jpg,0
001495.jpg,0
001496.jpg,0
001497.jpg,0
001498.jpg,0
001499.jpg,0
001500.jpg,0
001501.jpg,0
001502.jpg,0
001503.jpg,0
001504.jpg,0
001505.jpg,0
001506.jpg,0
001507.jpg,0
001508.jpg,0
001509.jpg,0
001510.jpg,0
001511.jpg,0
001512.jpg,0
001513.jpg,0
001514.jpg,0
001515.jpg,0
001516.jpg,0
001517.jpg,0
001518.jpg,0
001519.jpg,0
001520.jpg,0
001521.jpg,0
001522.jpg,0
001523.jpg,0
001524.jpg,0
001525.jpg,0
001526.jpg,0
001527.jpg,0
001528.jpg,0
001529.jpg,0
001530.jpg,0
001531.jpg,0
001532.jpg,0
001533.jpg,0
001534.jpg,0
001535.jpg,0
001536.jpg,0
001537.jpg,0
001538.jpg,0
001539.jpg,0
001540.jpg,0
001541.jpg,0
001542.jpg,0
001543.jpg,0
001544.jpg,0
001545.jpg,0
001546.jpg,0
001547.jpg,0
001548.jpg,0
001549.jpg,0
001550.jpg,0
001551.jpg,0
001552.jpg,0
001553.jpg,0
001554.jpg,0
001555.jpg,0
001556.jpg,0
001557.jpg,0
001558.jpg,0
001559.jpg,0
001560.jpg,0
001561.jpg,0
001562.jpg,0
001563.jpg,0
001564.jpg,0
001565.jpg,0
001566.jpg,0
001567.jpg,0
001568.jpg,0
001569.jpg,0
001570.jpg,0
001571.jpg,0
001572.jpg,0
001573.jpg,0
001574.jpg,0
001575.jpg,0
001576.jpg,0
001577.jpg,0
001578.jpg,0
001579.jpg,0
001580.jpg,0
001581.jpg,0
001582.jpg,0
001583.jpg,0
001584.jpg,0
001585.jpg,0
001586.jpg,0
001587.jpg,0
001588.jpg,0
001589.jpg,0
001590.jpg,0
001591.jpg,0
001592.jpg,0
001593.jpg,0
001594.jpg,0
001595.jpg,0
001596.jpg,0
001597.jpg,0
001598.jpg,0
001599.jpg,0
001600.jpg,0
001601.jpg,0
001602.jpg,0
001603.jpg,0
001604.jpg,0
001605.jpg,0
001606.jpg,0
001607.jpg,0
001608.jpg,0
001609.jpg,0
001610.jpg,0
001611.jpg,0
001612.jpg,0
001613.jpg,0
001614.jpg,0
001615.jpg,0
001616.jpg,0
001617.jpg,0
001618.jpg,0
001619.jpg,0
001620.jpg,0
001621.jpg,0
001622.jpg,0
001623.jpg,0
001624.jpg,0
001625.jpg,0
001626.jpg,0
001627.jpg,0
001628.jpg,0
001629.jpg,0
001630.jpg,0
001631.jpg,0
001632.jpg,0
001633.jpg,0
001634.jpg,0
001635.jpg,0
001636.jpg,0
001637.jpg,0
001638.jpg,0
001639.jpg,0
001640.jpg,0
001641.jpg,0
001642.jpg,0
001643.jpg,0
001644.jpg,0
001645.jpg,0
001646.jpg,0
001647.jpg,0
001648.jpg,0
001649.jpg,0
001650.jpg,0
001651.jpg,0
001652.jpg,0
001653.jpg,0
001654.jpg,0
001655.jpg,0
001656.jpg,0
001657.jpg,0
001658.jpg,0
001659.jpg,0
001660.jpg,0
001661.jpg,0
001662.jpg,0
001663.jpg,0
001664.jpg,0
001665.jpg,0
001666.jpg,0
001667.jpg,0
001668.jpg,0
001669.jpg,0
001670.jpg,0
001671.jpg,0
001672.jpg,0
001673.jpg,0
001674.jpg,0
001675.jpg,0
001676.jpg,0
001677.jpg,0
001678.jpg,0
001679.jpg,0
001680.jpg,0
001681.jpg,0
001682.jpg,0
001683.jpg,0
001684.jpg,0
001685.jpg,0
001686.jpg,0
001687.jpg,0
001688.jpg,0
001689.jpg,0
001690.jpg,0
001691.jpg,0
001692.jpg,0
001693.jpg,0
001694.jpg,0
001695.jpg,0
001696.jpg,0
001697.jpg,0
001698.jpg,0
001699.jpg,0
001700.jpg,0
001701.jpg,0
001702.jpg,0
001703.jpg,0
001704.jpg,0
001705.jpg,0
001706.jpg,0
001707.jpg,0
001708.jpg,0
001709.jpg,0
001710.jpg,0
001711.jpg,0
001712.jpg,0
001713.jpg,0
001714.jpg,0
001715.jpg,0
001716.jpg,0
001717.jpg,0
001718.jpg,0
001719.jpg,0
001720.jpg,0
001721.jpg,0
001722.jpg,0
001723.jpg,0
001724.jpg,0
001725.jpg,0
001726.jpg,0
001727.jpg,0
001728.jpg,0
001729.jpg,0
001730.jpg,0
001731.jpg,0
001732.jpg,0
001733.jpg,0
001734.jpg,0
001735.jpg,0
001736.jpg,0
001737.jpg,0
001738.jpg,0
001739.jpg,0
001740.jpg,0
001741.jpg,0
001742.jpg,0
001743.jpg,0
001744.jpg,0
001745.jpg,0
001746.jpg,0
001747.jpg,0
001748.jpg,0
001749.jpg,0
001750.jpg,0
001751.jpg,0
001752.jpg,0
001753.jpg,0
001754.jpg,0
001755.jpg,0
001756.jpg,0
001757.jpg,0
001758.jpg,0
001759.jpg,0
001760.jpg,0
001761.jpg,0
001762.jpg,0
001763.jpg,0
001764.jpg,0
001765.jpg,0
001766.jpg,0
001767.jpg,0
001768.jpg,0
001769.jpg,0
001770.jpg,0
001771.jpg,0
001772.jpg,0
001773.jpg,0
001774.jpg,0
001775.jpg,0
001776.jpg,0
001777.jpg,0
001778.jpg,0
001779.jpg,0
001780.jpg,0
001781.jpg,0
001782.jpg,0
001783.jpg,0
001784.jpg,0
001785.jpg,0
001786.jpg,0
001787.jpg,0
001788.jpg,0
001789.jpg,0
001790.jpg,0
001791.jpg,0
001792.jpg,0
001793.jpg,0
001794.jpg,0
001795.jpg,0
001796.jpg,0
001797.jpg,0
001798.jpg,0
001799.jpg,0
001800.jpg,0
001801.jpg,0
001802.jpg,0
001803.jpg,0
001804.jpg,0
001805.jpg,0
001806.jpg,0
001807.jpg,0
001808.jpg,0
001809.jpg,0
001810.jpg,0
001811.jpg,0
001812.jpg,0
001813.jpg,0
001814.jpg,0
001815.jpg,0
001816.jpg,0
001817.jpg,0
001818.jpg,0
001819.jpg,0
001820.jpg,0
001821.jpg,0
001822.jpg,0
001823.jpg,0
001824.jpg,0
001825.jpg,0
001826.jpg,0
001827.jpg,0
001828.jpg,0
001829.jpg,0
001830.jpg,0
001831.jpg,0
001832.jpg,0
001833.jpg,0
001834.jpg,0
001835.jpg,0
001836.jpg,0
001837.jpg,0
001838.jpg,0
001839.jpg,0
001840.jpg,0
001841.jpg,0
001842.jpg,0
001843.jpg,0
001844.jpg,0
001845.jpg,0
001846.jpg,0
001847.jpg,0
001848.jpg,0
001849.jpg,0
001850.jpg,0
001851.jpg,0
001852.jpg,0
001853.jpg,0
001854.jpg,0
001855.jpg,0
001856.jpg,0
001857.jpg,0
001858.jpg,0
001859.jpg,0
001860.jpg,0
001861.jpg,0
001862.jpg,0
001863.jpg,0
001864.jpg,0
001865.jpg,0
001866.jpg,0
001867.jpg,0
001868.jpg,0
001869.jpg,0
001870.jpg,0
001871.jpg,0
001872.jpg,0
001873.jpg,0
001874.jpg,0
001875.jpg,0
001876.jpg,0
001877.jpg,0
001878.jpg,0
001879.jpg,0
001880.jpg,0
001881.jpg,0
001882.jpg,0
001883.jpg,0
001884.jpg,0
001885.jpg,0
001886.jpg,0
001887.jpg,0
001888.jpg,0
001889.jpg,0
001890.jpg,0
001891.jpg,0
001892.jpg,0
001893.jpg,0
001894.jpg,0
001895.jpg,0
001896.jpg,0
001897.jpg,0
001898.jpg,0
001899.jpg,0
001900.jpg,0
001901.jpg,0
001902.jpg,0
001903.jpg,0
001904.jpg,0
001905.jpg,0
001906.jpg,0
001907.jpg,0
001908.jpg,0
001909.jpg,0
001910.jpg,0
001911.jpg,0
001912.jpg,0
001913.jpg,0
001914.jpg,0
001915.jpg,0
001916.jpg,0
001917.jpg,0
001918.jpg,0
001919.jpg,0
001920.jpg,0
001921.jpg,0
001922.jpg,0
001923.jpg,0
001924.jpg,0
001925.jpg,0
001926.jpg,0
001927.jpg,0
001928.jpg,0
001929.jpg,0
001930.jpg,0
001931.jpg,0
001932.jpg,0
001933.jpg,0
001934.jpg,0
001935.jpg,0
001936.jpg,0
001937.jpg,0
001938.jpg,0
001939.jpg,0
001940.jpg,0
001941.jpg,0
001942.jpg,0
001943.jpg,0
001944.jpg,0
001945.jpg,0
001946.jpg,0
001947.jpg,0
001948.jpg,0
001949.jpg,0
001950.jpg,0
001951.jpg,0
001952.jpg,0
001953.jpg,0
001954.jpg,0
001955.jpg,0
001956.jpg,0
001957.jpg,0
001958.jpg,0
001959.jpg,0
001960.jpg,0
001961.jpg,0
001962.jpg,0
001963.jpg,0
001964.jpg,0
001965.jpg,0
001966.jpg,0
001967.jpg,0
001968.jpg,0
001969.jpg,0
001970.jpg,0
001971.jpg,0
001972.jpg,0
001973.jpg,0
001974.jpg,0
001975.jpg,0
001976.jpg,0
001977.jpg,0
001978.jpg,0
001979.jpg,0
001980.jpg,0
001981.jpg,0
001982.jpg,0
001983.jpg,0
001984.jpg,0
001985.jpg,0
001986.jpg,0
001987.jpg,0
001988.jpg,0
001989.jpg,0
001990.jpg,0
001991.jpg,0
001992.jpg,0
001993.jpg,0
001994.jpg,0
001995.jpg,0
001996.jpg,0
001997.jpg,0
001998.jpg,0
001999.jpg,0
002000.jpg,0
002001.jpg,0
002002.jpg,0
002003.jpg,0
002004.jpg,0
002005.jpg,0
002006.jpg,0
002007.jpg,0
002008.jpg,0
002009.jpg,0
002010.jpg,0
002011.jpg,0
002012.jpg,0
002013.jpg,0
002014.jpg,0
002015.jpg,0
002016.jpg,0
002017.jpg,0
002018.jpg,0
002019.jpg,0
002020.jpg,0
002021.jpg,0
002022.jpg,0
002023.jpg,0
002024.jpg,0
002025.jpg,0
002026.jpg,0
002027.jpg,0
002028.jpg,0
002029.jpg,0
002030.jpg,0
002031.jpg,0
002032.jpg,0
002033.jpg,0
002034.jpg,0
002035.jpg,0
002036.jpg,0
002037.jpg,0
002038.jpg,0
002039.jpg,0
002040.jpg,0
002041.jpg,0
002042.jpg,0
002043.jpg,0
002044.jpg,0
002045.jpg,0
002046.jpg,0
002047.jpg,0
002048.jpg,0
002049.jpg,0
002050.jpg,0
002051.jpg,0
002052.jpg,0
002053.jpg,0
002054.jpg,0
002055.jpg,0
002056.jpg,0
002057.jpg,0
002058.jpg,0
002059.jpg,0
002060.jpg,0
002061.jpg,0
002062.jpg,0
002063.jpg,0
002064.jpg,0
002065.jpg,0
002066.jpg,0
002067.jpg,0
002068.jpg,0
002069.jpg,0
002070.jpg,0
002071.jpg,0
002072.jpg,0
002073.jpg,0
002074.jpg,0
002075.jpg,0
002076.jpg,0
002077.jpg,0
002078.jpg,0
002079.jpg,0
002080.jpg,0
002081.jpg,0
002082.jpg,0
002083.jpg,0
002084.jpg,0
002085.jpg,0
002086.jpg,0
002087.jpg,0
002088.jpg,0
002089.jpg,0
002090.jpg,0
002091.jpg,0
002092.jpg,0
002093.jpg,0
002094.jpg,0
002095.jpg,0
002096.jpg,0
002097.jpg,0
002098.jpg,0
002099.jpg,0
002100.jpg,0
002101.jpg,0
002102.jpg,0
002103.jpg,0
002104.jpg,0
002105.jpg,0
002106.jpg,0
002107.jpg,0
002108.jpg,0
002109.jpg,0
002110.jpg,0
002111.jpg,0
002112.jpg,0
002113.jpg,0
002114.jpg,0
002115.jpg,0
002116.jpg,0
002117.jpg,0
002118.jpg,0
002119.jpg,0
002120.jpg,0
002121.jpg,0
002122.jpg,0
002123.jpg,0
002124.jpg,0
002125.jpg,0
002126.jpg,0
002127.jpg,0
002128.jpg,0
002129.jpg,0
002130.jpg,0
002131.jpg,0
002132.jpg,0
002133.jpg,0
002134.jpg,0
002135.jpg,0
002136.jpg,0
002137.jpg,0
002138.jpg,0
002139.jpg,0
002140.jpg,0
002141.jpg,0
002142.jpg,0
002143.jpg,0
002144.jpg,0
002145.jpg,0
002146.jpg,0
002147.jpg,0
002148.jpg,0
002149.jpg,0
002150.jpg,0
002151.jpg,0
002152.jpg,0
002153.jpg,0
002154.jpg,0
002155.jpg,0
002156.jpg,0
002157.jpg,0
002158.jpg,0
002159.jpg,0
002160.jpg,0
002161.jpg,0
002162.jpg,0
002163.jpg,0
002164.jpg,0
002165.jpg,0
002166.jpg,0
002167.jpg,0
002168.jpg,0
002169.jpg,0
002170.jpg,0
002171.jpg,0
002172.jpg,0
002173.jpg,0
002174.jpg,0
002175.jpg,0
002176.jpg,0
002177.jpg,0
002178.jpg,0
002179.jpg,0
002180.jpg,0
002181.jpg,0
002182.jpg,0
002183.jpg,0
002184.jpg,0
002185.jpg,0
002186.jpg,0
002187.jpg,0
002188.jpg,0
002189.jpg,0
002190.jpg,0
002191.jpg,0
002192.jpg,0
002193.jpg,0
002194.jpg,0
002195.jpg,0
002196.jpg,0
002197.jpg,0
002198.jpg,0
002199.jpg,0
002200.jpg,0
002201.jpg,0
002202.jpg,0
002203.jpg,0
002204.jpg,0
002205.jpg,0
002206.jpg,0
002207.jpg,0
002208.jpg,0
002209.jpg,0
002210.jpg,0
002211.jpg,0
002212.jpg,0
002213.jpg,0
002214.jpg,0
002215.jpg,0
002216.jpg,0
002217.jpg,0
002218.jpg,0
002219.jpg,0
002220.jpg,0
002221.jpg,0
002222.jpg,0
002223.jpg,0
002224.jpg,0
002225.jpg,0
002226.jpg,0
002227.jpg,0
002228.jpg,0
002229.jpg,0
002230.jpg,0
002231.jpg,0
002232.jpg,0
002233.jpg,0
002234.jpg,0
002235.jpg,0
002236.jpg,0
002237.jpg,0
002238.jpg,0
002239.jpg,0
002240.jpg,0
002241.jpg,0
002242.jpg,0
002243.jpg,0
002244.jpg,0
002245.jpg,0
002246.jpg,0
002247.jpg,0
002248.jpg,0
002249.jpg,0
002250.jpg,0
002251.jpg,0
002252.jpg,0
002253.jpg,0
002254.jpg,0
002255.jpg,0
002256.jpg,0
002257.jpg,0
002258.jpg,0
002259.jpg,0
002260.jpg,0
002261.jpg,0
002262.jpg,0
002263.jpg,0
002264.jpg,0
002265.jpg,0
002266.jpg,0
002267.jpg,0
002268.jpg,0
002269.jpg,0
002270.jpg,0
002271.jpg,0
002272.jpg,0
002273.jpg,0
002274.jpg,0
002275.jpg,0
002276.jpg,0
002277.jpg,0
002278.jpg,0
002279.jpg,0
002280.jpg,0
002281.jpg,0
002282.jpg,0
002283.jpg,0
002284.jpg,0
002285.jpg,0
002286.jpg,0
002287.jpg,0
002288.jpg,0
002289.jpg,0
002290.jpg,0
002291.jpg,0
002292.jpg,0
002293.jpg,0
002294.jpg,0
002295.jpg,0
002296.jpg,0
002297.jpg,0
002298.jpg,0
002299.jpg,0
002300.jpg,0
002301.jpg,0
002302.jpg,0
002303.jpg,0
002304.jpg,0
002305.jpg,0
002306.jpg,0
002307.jpg,0
002308.jpg,0
002309.jpg,0
002310.jpg,0
002311.jpg,0
002312.jpg,0
002313.jpg,0
002314.jpg,0
002315.jpg,0
002316.jpg,0
002317.jpg,0
002318.jpg,0
002319.jpg,0
002320.jpg,0
002321.jpg,0
002322.jpg,0
002323.jpg,0
002324.jpg,0
002325.jpg,0
002326.jpg,0
002327.jpg,0
002328.jpg,0
002329.jpg,0
002330.jpg,0
002331.jpg,0
002332.jpg,0
002333.jpg,0
002334.jpg,0
002335.jpg,0
002336.jpg,0
002337.jpg,0
002338.jpg,0
002339.jpg,0
002340.jpg,0
002341.jpg,0
002342.jpg,0
002343.jpg,0
002344.jpg,0
002345.jpg,0
002346.jpg,0
002347.jpg,0
002348.jpg,0
002349.jpg,0
002350.jpg,0
002351.jpg,0
002352.jpg,0
002353.jpg,0
002354.jpg,0
002355.jpg,0
002356.jpg,0
002357.jpg,0
002358.jpg,0
002359.jpg,0
002360.jpg,0
002361.jpg,0
002362.jpg,0
002363.jpg,0
002364.jpg,0
002365.jpg,0
002366.jpg,0
002367.jpg,0
002368.jpg,0
002369.jpg,0
002370.jpg,0
002371.jpg,0
002372.jpg,0
002373.jpg,0
002374.jpg,0
002375.jpg,0
002376.jpg,0
002377.jpg,0
002378.jpg,0
002379.jpg,0
002380.jpg,0
002381.jpg,0
002382.jpg,0
002383.jpg,0
002384.jpg,0
002385.jpg,0
002386.jpg,0
002387.jpg,0
002388.jpg,0
002389.jpg,0
002390.jpg,0
002391.jpg,0
002392.jpg,0
002393.jpg,0
002394.jpg,0
002395.jpg,0
002396.jpg,0
002397.jpg,0
002398.jpg,0
002399.jpg,0
002400.jpg,0
002401.jpg,0
002402.jpg,0
002403.jpg,0
002404.jpg,0
002405.jpg,0
002406.jpg,0
002407.jpg,0
002408.jpg,0
002409.jpg,0
002410.jpg,0
002411.jpg,0
002412.jpg,0
002413.jpg,0
002414.jpg,0
002415.jpg,0
002416.jpg,0
002417.jpg,0
002418.jpg,0
002419.jpg,0
002420.jpg,0
002421.jpg,0
002422.jpg,0
002423.jpg,0
002424.jpg,0
002425.jpg,0
002426.jpg,0
002427.jpg,0
002428.jpg,0
002429.jpg,0
002430.jpg,0
002431.jpg,0
002432.jpg,0
002433.jpg,0
002434.jpg,0
002435.jpg,0
002436.jpg,0
002437.jpg,0
002438.jpg,0
002439.jpg,0
002440.jpg,0
002441.jpg,0
002442.jpg,0
002443.jpg,0
002444.jpg,0
002445.jpg,0
002446.jpg,0
002447.jpg,0
002448.jpg,0
002449.jpg,0
002450.jpg,0
002451.jpg,0
002452.jpg,0
002453.jpg,0
002454.jpg,0
002455.jpg,0
002456.jpg,0
002457.jpg,0
002458.jpg,0
002459.jpg,0
002460.jpg,0
002461.jpg,0
002462.jpg,0
002463.jpg,0
002464.jpg,0
002465.jpg,0
002466.jpg,0
002467.jpg,0
002468.jpg,0
002469.jpg,0
002470.jpg,0
002471.jpg,0
002472.jpg,0
002473.jpg,0
002474.jpg,0
002475.jpg,0
002476.jpg,0
002477.jpg,0
002478.jpg,0
002479.jpg,0
002480.jpg,0
002481.jpg,0
002482.jpg,0
002483.jpg,0
002484.jpg,0
002485.jpg,0
002486.jpg,0
002487.jpg,0
002488.jpg,0
002489.jpg,0
002490.jpg,0
002491.jpg,0
002492.jpg,0
002493.jpg,0
002494.jpg,0
002495.jpg,0
002496.jpg,0
002497.jpg,0
002498.jpg,0
002499.jpg,0
002500.jpg,0
002501.jpg,0
002502.jpg,0
002503.jpg,0
002504.jpg,0
002505.jpg,0
002506.jpg,0
002507.jpg,0
002508.jpg,0
002509.jpg,0
002510.jpg,0
002511.jpg,0
002512.jpg,0
002513.jpg,0
002514.jpg,0
002515.jpg,0
002516.jpg,0
002517.jpg,0
002518.jpg,0
002519.jpg,0
002520.jpg,0
002521.jpg,0
002522.jpg,0
002523.jpg,0
002524.jpg,0
002525.jpg,0
002526.jpg,0
002527.jpg,0
002528.jpg,0
002529.jpg,0
002530.jpg,0
002531.jpg,0
002532.jpg,0
002533.jpg,0
002534.jpg,0
002535.jpg,0
002536.jpg,0
002537.jpg,0
002538.jpg,0
002539.jpg,0
002540.jpg,0
002541.jpg,0
002542.jpg,0
002543.jpg,0
002544.jpg,0
002545.jpg,0
002546.jpg,0
002547.jpg,0
002548.jpg,0
002549.jpg,0
002550.jpg,0
002551.jpg,0
002552.jpg,0
002553.jpg,0
002554.jpg,0
002555.jpg,0
002556.jpg,0
002557.jpg,0
002558.jpg,0
002559.jpg,0
002560.jpg,0
002561.jpg,0
002562.jpg,0
002563.jpg,0
002564.jpg,0
002565.jpg,0
002566.jpg,0
002567.jpg,0
002568.jpg,0
002569.jpg,0
002570.jpg,0
002571.jpg,0
002572.jpg,0
002573.jpg,0
002574.jpg,0
002575.jpg,0
002576.jpg,0
002577.jpg,0
002578.jpg,0
002579.jpg,0
002580.jpg,0
002581.jpg,0
002582.jpg,0
002583.jpg,0
002584.jpg,0
002585.jpg,0
002586.jpg,0
002587.jpg,0
002588.jpg,0
002589.jpg,0
002590.jpg,0
002591.jpg,0
002592.jpg,0
002593.jpg,0
002594.jpg,0
002595.jpg,0
002596.jpg,0
002597.jpg,0
002598.jpg,0
002599.jpg,0
002600.jpg,0
002601.jpg,0
002602.jpg,0
002603.jpg,0
002604.jpg,0
002605.jpg,0
002606.jpg,0
002607.jpg,0
002608.jpg,0
002609.jpg,0
002610.jpg,0
002611.jpg,0
002612.jpg,0
002613.jpg,0
002614.jpg,0
002615.jpg,0
002616.jpg,0
002617.jpg,0
002618.jpg,0
002619.jpg,0
002620.jpg,0
002621.jpg,0
002622.jpg,0
002623.jpg,0
002624.jpg,0
002625.jpg,0
002626.jpg,0
002627.jpg,0
002628.jpg,0
002629.jpg,0
002630.jpg,0
002631.jpg,0
002632.jpg,0
002633.jpg,0
002634.jpg,0
002635.jpg,0
002636.jpg,0
002637.jpg,0
002638.jpg,0
002639.jpg,0
002640.jpg,0
002641.jpg,0
002642.jpg,0
002643.jpg,0
002644.jpg,0
002645.jpg,0
002646.jpg,0
002647.jpg,0
002648.jpg,0
002649.jpg,0
002650.jpg,0
002651.jpg,0
002652.jpg,0
002653.jpg,0
002654.jpg,0
002655.jpg,0
002656.jpg,0
002657.jpg,0
002658.jpg,0
002659.jpg,0
002660.jpg,0
002661.jpg,0
002662.jpg,0
002663.jpg,0
002664.jpg,0
002665.jpg,0
002666.jpg,0
002667.jpg,0
002668.jpg,0
002669.jpg,0
002670.jpg,0
002671.jpg,0
002672.jpg,0
002673.jpg,0
002674.jpg,0
002675.jpg,0
002676.jpg,0
002677.jpg,0
002678.jpg,0
002679.jpg,0
002680.jpg,0
002681.jpg,0
002682.jpg,0
002683.jpg,0
002684.jpg,0
002685.jpg,0
002686.jpg,0
002687.jpg,0
002688.jpg,0
002689.jpg,0
002690.jpg,0
002691.jpg,0
002692.jpg,0
002693.jpg,0
002694.jpg,0
002695.jpg,0
002696.jpg,0
002697.jpg,0
002698.jpg,0
002699.jpg,0
002700.jpg,0
002701.jpg,0
002702.jpg,0
002703.jpg,0
002704.jpg,0
002705.jpg,0
002706.jpg,0
002707.jpg,0
002708.jpg,0
002709.jpg,0
002710.jpg,0
002711.jpg,0
002712.jpg,0
002713.jpg,0
002714.jpg,0
002715.jpg,0
002716.jpg,0
002717.jpg,0
002718.jpg,0
002719.jpg,0
002720.jpg,0
002721.jpg,0
002722.jpg,0
002723.jpg,0
002724.jpg,0
002725.jpg,0
002726.jpg,0
002727.jpg,0
002728.jpg,0
002729.jpg,0
002730.jpg,0
002731.jpg,0
002732.jpg,0
002733.jpg,0
002734.jpg,0
002735.jpg,0
002736.jpg,0
002737.jpg,0
002738.jpg,0
002739.jpg,0
002740.jpg,0
002741.jpg,0
002742.jpg,0
002743.jpg,0
002744.jpg,0
002745.jpg,0
002746.jpg,0
002747.jpg,0
002748.jpg,0
002749.jpg,0
002750.jpg,0
002751.jpg,0
002752.jpg,0
002753.jpg,0
002754.jpg,0
002755.jpg,0
002756.jpg,0
002757.jpg,0
002758.jpg,0
002759.jpg,0
002760.jpg,0
002761.jpg,0
002762.jpg,0
002763.jpg,0
002764.jpg,0
002765.jpg,0
002766.jpg,0
002767.jpg,0
002768.jpg,0
002769.jpg,0
002770.jpg,0
002771.jpg,0
002772.jpg,0
002773.jpg,0
002774.jpg,0
002775.jpg,0
002776.jpg,0
002777.jpg,0
002778.jpg,0
002779.jpg,0
002780.jpg,0
002781.jpg,0
002782.jpg,0
002783.jpg,0
002784.jpg,0
002785.jpg,0
002786.jpg,0
002787.jpg,0
002788.jpg,0
002789.jpg,0
002790.jpg,0
002791.jpg,0
002792.jpg,0
002793.jpg,0
002794.jpg,0
002795.jpg,0
002796.jpg,0
002797.jpg,0
002798.jpg,0
002799.jpg,0
002800.jpg,0
002801.jpg,0
002802.jpg,0
002803.jpg,0
002804.jpg,0
002805.jpg,0
002806.jpg,0
002807.jpg,0
002808.jpg,0
002809.jpg,0
002810.jpg,0
002811.jpg,0
002812.jpg,0
002813.jpg,0
002814.jpg,0
002815.jpg,0
002816.jpg,0
002817.jpg,0
002818.jpg,0
002819.jpg,0
002820.jpg,0
002821.jpg,0
002822.jpg,0
002823.jpg,0
002824.jpg,0
002825.jpg,0
002826.jpg,0
002827.jpg,0
002828.jpg,0
002829.jpg,0
002830.jpg,0
002831.jpg,0
002832.jpg,0
002833.jpg,0
002834.jpg,0
002835.jpg,0
002836.jpg,0
002837.jpg,0
002838.jpg,0
002839.jpg,0
002840.jpg,0
002841.jpg,0
002842.jpg,0
002843.jpg,0
002844.jpg,0
002845.jpg,0
002846.jpg,0
002847.jpg,0
002848.jpg,0
002849.jpg,0
002850.jpg,0
002851.jpg,0
002852.jpg,0
002853.jpg,0
002854.jpg,0
002855.jpg,0
002856.jpg,0
002857.jpg,0
002858.jpg,0
002859.jpg,0
002860.jpg,0
002861.jpg,0
002862.jpg,0
002863.jpg,0
002864.jpg,0
002865.jpg,0
002866.jpg,0
002867.jpg,0
002868.jpg,0
002869.jpg,0
002870.jpg,0
002871.jpg,0
002872.jpg,0
002873.jpg,0
002874.jpg,0
002875.jpg,0
002876.jpg,0
002877.jpg,0
002878.jpg,0
002879.jpg,0
002880.jpg,0
002881.jpg,0
002882.jpg,0
002883.jpg,0
002884.jpg,0
002885.jpg,0
002886.jpg,0
002887.jpg,0
002888.jpg,0
002889.jpg,0
002890.jpg,0
002891.jpg,0
002892.jpg,0
002893.jpg,0
002894.jpg,0
002895.jpg,0
002896.jpg,0
002897.jpg,0
002898.jpg,0
002899.jpg,0
002900.jpg,0
002901.jpg,0
002902.jpg,0
002903.jpg,0
002904.jpg,0
002905.jpg,0
002906.jpg,0
002907.jpg,0
002908.jpg,0
002909.jpg,0
002910.jpg,0
002911.jpg,0
002912.jpg,0
002913.jpg,0
002914.jpg,0
002915.jpg,0
002916.jpg,0
002917.jpg,0
002918.jpg,0
002919.jpg,0
002920.jpg,0
002921.jpg,0
002922.jpg,0
002923.jpg,0
002924.jpg,0
002925.jpg,0
002926.jpg,0
002927.jpg,0
002928.jpg,0
002929.jpg,0
002930.jpg,0
002931.jpg,0
002932.jpg,0
002933.jpg,0
002934.jpg,0
002935.jpg,0
002936.jpg,0
002937.jpg,0
002938.jpg,0
002939.jpg,0
002940.jpg,0
002941.jpg,0
002942.jpg,0
002943.jpg,0
002944.jpg,0
002945.jpg,0
002946.jpg,0
002947.jpg,0
002948.jpg,0
002949.jpg,0
002950.jpg,0
002951.jpg,0
002952.jpg,0
002953.jpg,0
002954.jpg,0
002955.jpg,0
002956.jpg,0
002957.jpg,0
002958.jpg,0
002959.jpg,0
002960.jpg,0
002961.jpg,0
002962.jpg,0
002963.jpg,0
002964.jpg,0
002965.jpg,0
002966.jpg,0
002967.jpg,0
002968.jpg,0
002969.jpg,0
002970.jpg,0
002971.jpg,0
002972.jpg,0
002973.jpg,0
002974.jpg,0
002975.jpg,0
002976.jpg,0
002977.jpg,0
002978.jpg,0
002979.jpg,0
002980.jpg,0
002981.jpg,0
002982.jpg,0
002983.jpg,0
002984.jpg,0
002985.jpg,0
002986.jpg,0
002987.jpg,0
002988.jpg,0
002989.jpg,0
002990.jpg,0
002991.jpg,0
002992.jpg,0
002993.jpg,0
002994.jpg,0
002995.jpg,0
002996.jpg,0
002997.jpg,0
002998.jpg,0
002999.jpg,0
003000.jpg,0
003001.jpg,0
003002.jpg,0
003003.jpg,0
003004.jpg,0
003005.jpg,0
003006.jpg,0
003007.jpg,0
003008.jpg,0
003009.jpg,0
003010.jpg,0
003011.jpg,0
003012.jpg,0
003013.jpg,0
003014.jpg,0
003015.jpg,0
003016.jpg,0
003017.jpg,0
003018.jpg,0
003019.jpg,0
003020.jpg,0
003021.jpg,0
003022.jpg,0
003023.jpg,0
003024.jpg,0
003025.jpg,0
003026.jpg,0
003027.jpg,0
003028.jpg,0
003029.jpg,0
003030.jpg,0
003031.jpg,0
003032.jpg,0
003033.jpg,0
003034.jpg,0
003035.jpg,0
003036.jpg,0
003037.jpg,0
003038.jpg,0
003039.jpg,0
003040.jpg,0
003041.jpg,0
003042.jpg,0
003043.jpg,0
003044.jpg,0
003045.jpg,0
003046.jpg,0
003047.jpg,0
003048.jpg,0
003049.jpg,0
003050.jpg,0
003051.jpg,0
003052.jpg,0
003053.jpg,0
003054.jpg,0
003055.jpg,0
003056.jpg,0
003057.jpg,0
003058.jpg,0
003059.jpg,0
003060.jpg,0
003061.jpg,0
003062.jpg,0
003063.jpg,0
003064.jpg,0
003065.jpg,0
003066.jpg,0
003067.jpg,0
003068.jpg,0
003069.jpg,0
003070.jpg,0
003071.jpg,0
003072.jpg,0
003073.jpg,0
003074.jpg,0
003075.jpg,0
003076.jpg,0
003077.jpg,0
003078.jpg,0
003079.jpg,0
003080.jpg,0
003081.jpg,0
003082.jpg,0
003083.jpg,0
003084.jpg,0
003085.jpg,0
003086.jpg,0
003087.jpg,0
003088.jpg,0
003089.jpg,0
003090.jpg,0
003091.jpg,0
003092.jpg,0
003093.jpg,0
003094.jpg,0
003095.jpg,0
003096.jpg,0
003097.jpg,0
003098.jpg,0
003099.jpg,0
003100.jpg,0
003101.jpg,0
003102.jpg,0
003103.jpg,0
003104.jpg,0
003105.jpg,0
003106.jpg,0
003107.jpg,0
003108.jpg,0
003109.jpg,0
003110.jpg,0
003111.jpg,0
003112.jpg,0
003113.jpg,0
003114.jpg,0
003115.jpg,0
003116.jpg,0
003117.jpg,0
003118.jpg,0
003119.jpg,0
003120.jpg,0
003121.jpg,0
003122.jpg,0
003123.jpg,0
003124.jpg,0
003125.jpg,0
003126.jpg,0
003127.jpg,0
003128.jpg,0
003129.jpg,0
003130.jpg,0
003131.jpg,0
003132.jpg,0
003133.jpg,0
003134.jpg,0
003135.jpg,0
003136.jpg,0
003137.jpg,0
003138.jpg,0
003139.jpg,0
003140.jpg,0
003141.jpg,0
003142.jpg,0
003143.jpg,0
003144.jpg,0
003145.jpg,0
003146.jpg,0
003147.jpg,0
003148.jpg,0
003149.jpg,0
003150.jpg,0
003151.jpg,0
003152.jpg,0
003153.jpg,0
003154.jpg,0
003155.jpg,0
003156.jpg,0
003157.jpg,0
003158.jpg,0
003159.jpg,0
003160.jpg,0
003161.jpg,0
003162.jpg,0
003163.jpg,0
003164.jpg,0
003165.jpg,0
003166.jpg,0
003167.jpg,0
003168.jpg,0
003169.jpg,0
003170.jpg,0
003171.jpg,0
003172.jpg,0
003173.jpg,0
003174.jpg,0
003175.jpg,0
003176.jpg,0
003177.jpg,0
003178.jpg,0
003179.jpg,0
003180.jpg,0
003181.jpg,0
003182.jpg,0
003183.jpg,0
003184.jpg,0
003185.jpg,0
003186.jpg,0
003187.jpg,0
003188.jpg,0
003189.jpg,0
003190.jpg,0
003191.jpg,0
003192.jpg,0
003193.jpg,0
003194.jpg,0
003195.jpg,0
003196.jpg,0
003197.jpg,0
003198.jpg,0
003199.jpg,0
003200.jpg,0
003201.jpg,0
003202.jpg,0
003203.jpg,0
003204.jpg,0
003205.jpg,0
003206.jpg,0
003207.jpg,0
003208.jpg,0
003209.jpg,0
003210.jpg,0
003211.jpg,0
003212.jpg,0
003213.jpg,0
003214.jpg,0
003215.jpg,0
003216.jpg,0
003217.jpg,0
003218.jpg,0
003219.jpg,0
003220.jpg,0
003221.jpg,0
003222.jpg,0
003223.jpg,0
003224.jpg,0
003225.jpg,0
003226.jpg,0
003227.jpg,0
003228.jpg,0
003229.jpg,0
003230.jpg,0
003231.jpg,0
003232.jpg,0
003233.jpg,0
003234.jpg,0
003235.jpg,0
003236.jpg,0
003237.jpg,0
003238.jpg,0
003239.jpg,0
003240.jpg,0
003241.jpg,0
003242.jpg,0
003243.jpg,0
003244.jpg,0
003245.jpg,0
003246.jpg,0
003247.jpg,0
003248.jpg,0
003249.jpg,0
003250.jpg,0
003251.jpg,0
003252.jpg,0
003253.jpg,0
003254.jpg,0
003255.jpg,0
003256.jpg,0
003257.jpg,0
003258.jpg,0
003259.jpg,0
003260.jpg,0
003261.jpg,0
003262.jpg,0
003263.jpg,0
003264.jpg,0
003265.jpg,0
003266.jpg,0
003267.jpg,0
003268.jpg,0
003269.jpg,0
003270.jpg,0
003271.jpg,0
003272.jpg,0
003273.jpg,0
003274.jpg,0
003275.jpg,0
003276.jpg,0
003277.jpg,0
003278.jpg,0
003279.jpg,0
003280.jpg,0
003281.jpg,0
003282.jpg,0
003283.jpg,0
003284.jpg,0
003285.jpg,0
003286.jpg,0
003287.jpg,0
003288.jpg,0
003289.jpg,0
003290.jpg,0
003291.jpg,0
003292.jpg,0
003293.jpg,0
003294.jpg,0
003295.jpg,0
003296.jpg,0
003297.jpg,0
003298.jpg,0
003299.jpg,0
003300.jpg,0
003301.jpg,0
003302.jpg,0
003303.jpg,0
003304.jpg,0
